[
{
  "model": "admin.logentry",
  "pk": 1,
  "fields": {
    "action_time": "2025-07-29T08:33:38.582Z",
    "user": 1,
    "content_type": 3,
    "object_id": "1",
    "object_repr": "Модераторы",
    "action_flag": 1,
    "change_message": "[{\"added\": {}}]"
  }
},
{
  "model": "admin.logentry",
  "pk": 2,
  "fields": {
    "action_time": "2025-07-29T08:40:59.672Z",
    "user": 1,
    "content_type": 4,
    "object_id": "2",
    "object_repr": "asus",
    "action_flag": 3,
    "change_message": ""
  }
},
{
  "model": "admin.logentry",
  "pk": 3,
  "fields": {
    "action_time": "2025-07-29T08:41:14.075Z",
    "user": 1,
    "content_type": 4,
    "object_id": "3",
    "object_repr": "bob",
    "action_flag": 3,
    "change_message": ""
  }
},
{
  "model": "admin.logentry",
  "pk": 4,
  "fields": {
    "action_time": "2025-07-29T08:44:50.438Z",
    "user": 1,
    "content_type": 4,
    "object_id": "4",
    "object_repr": "charlie",
    "action_flag": 3,
    "change_message": ""
  }
},
{
  "model": "admin.logentry",
  "pk": 5,
  "fields": {
    "action_time": "2025-07-29T08:48:25.013Z",
    "user": 1,
    "content_type": 3,
    "object_id": "2",
    "object_repr": "Менеджер проекта",
    "action_flag": 1,
    "change_message": "[{\"added\": {}}]"
  }
},
{
  "model": "admin.logentry",
  "pk": 6,
  "fields": {
    "action_time": "2025-07-29T08:48:41.036Z",
    "user": 1,
    "content_type": 3,
    "object_id": "3",
    "object_repr": "Капитан",
    "action_flag": 1,
    "change_message": "[{\"added\": {}}]"
  }
},
{
  "model": "admin.logentry",
  "pk": 7,
  "fields": {
    "action_time": "2025-07-29T08:49:03.015Z",
    "user": 1,
    "content_type": 3,
    "object_id": "4",
    "object_repr": "Разработчик",
    "action_flag": 1,
    "change_message": "[{\"added\": {}}]"
  }
},
{
  "model": "admin.logentry",
  "pk": 8,
  "fields": {
    "action_time": "2025-07-29T09:21:51.523Z",
    "user": 1,
    "content_type": 4,
    "object_id": "5",
    "object_repr": "manager",
    "action_flag": 2,
    "change_message": "[{\"changed\": {\"fields\": [\"User permissions\"]}}]"
  }
},
{
  "model": "admin.logentry",
  "pk": 9,
  "fields": {
    "action_time": "2025-07-29T09:30:34.154Z",
    "user": 1,
    "content_type": 4,
    "object_id": "1",
    "object_repr": "aigerim",
    "action_flag": 2,
    "change_message": "[{\"changed\": {\"fields\": [\"Groups\"]}}]"
  }
},
{
  "model": "admin.logentry",
  "pk": 10,
  "fields": {
    "action_time": "2025-07-29T09:31:47.526Z",
    "user": 1,
    "content_type": 4,
    "object_id": "5",
    "object_repr": "manager",
    "action_flag": 2,
    "change_message": "[{\"changed\": {\"fields\": [\"Groups\"]}}]"
  }
},
{
  "model": "admin.logentry",
  "pk": 11,
  "fields": {
    "action_time": "2025-07-29T09:32:02.840Z",
    "user": 1,
    "content_type": 4,
    "object_id": "5",
    "object_repr": "manager",
    "action_flag": 2,
    "change_message": "[]"
  }
},
{
  "model": "admin.logentry",
  "pk": 12,
  "fields": {
    "action_time": "2025-07-29T09:32:12.564Z",
    "user": 1,
    "content_type": 4,
    "object_id": "1",
    "object_repr": "aigerim",
    "action_flag": 2,
    "change_message": "[]"
  }
},
{
  "model": "admin.logentry",
  "pk": 13,
  "fields": {
    "action_time": "2025-07-29T10:32:58.148Z",
    "user": 1,
    "content_type": 4,
    "object_id": "5",
    "object_repr": "manager",
    "action_flag": 2,
    "change_message": "[]"
  }
},
{
  "model": "admin.logentry",
  "pk": 14,
  "fields": {
    "action_time": "2025-07-29T10:33:58.820Z",
    "user": 1,
    "content_type": 3,
    "object_id": "2",
    "object_repr": "Менеджер проекта",
    "action_flag": 2,
    "change_message": "[{\"changed\": {\"fields\": [\"Permissions\"]}}]"
  }
},
{
  "model": "admin.logentry",
  "pk": 15,
  "fields": {
    "action_time": "2025-07-29T10:35:09.505Z",
    "user": 1,
    "content_type": 3,
    "object_id": "3",
    "object_repr": "Капитан",
    "action_flag": 2,
    "change_message": "[{\"changed\": {\"fields\": [\"Permissions\"]}}]"
  }
},
{
  "model": "admin.logentry",
  "pk": 16,
  "fields": {
    "action_time": "2025-07-29T10:36:22.245Z",
    "user": 1,
    "content_type": 3,
    "object_id": "4",
    "object_repr": "Разработчик",
    "action_flag": 2,
    "change_message": "[{\"changed\": {\"fields\": [\"Permissions\"]}}]"
  }
},
{
  "model": "admin.logentry",
  "pk": 17,
  "fields": {
    "action_time": "2025-07-29T10:36:42.052Z",
    "user": 1,
    "content_type": 4,
    "object_id": "5",
    "object_repr": "manager",
    "action_flag": 2,
    "change_message": "[{\"changed\": {\"fields\": [\"User permissions\"]}}]"
  }
},
{
  "model": "admin.logentry",
  "pk": 18,
  "fields": {
    "action_time": "2025-07-29T10:36:55.958Z",
    "user": 1,
    "content_type": 4,
    "object_id": "5",
    "object_repr": "manager",
    "action_flag": 2,
    "change_message": "[]"
  }
},
{
  "model": "admin.logentry",
  "pk": 19,
  "fields": {
    "action_time": "2025-07-29T10:37:09.791Z",
    "user": 1,
    "content_type": 4,
    "object_id": "6",
    "object_repr": "lead",
    "action_flag": 2,
    "change_message": "[]"
  }
},
{
  "model": "admin.logentry",
  "pk": 20,
  "fields": {
    "action_time": "2025-07-29T10:37:23.652Z",
    "user": 1,
    "content_type": 4,
    "object_id": "7",
    "object_repr": "dev",
    "action_flag": 2,
    "change_message": "[{\"changed\": {\"fields\": [\"Groups\"]}}]"
  }
},
{
  "model": "admin.logentry",
  "pk": 21,
  "fields": {
    "action_time": "2025-07-29T10:37:34.144Z",
    "user": 1,
    "content_type": 4,
    "object_id": "6",
    "object_repr": "lead",
    "action_flag": 2,
    "change_message": "[{\"changed\": {\"fields\": [\"Groups\"]}}]"
  }
},
{
  "model": "admin.logentry",
  "pk": 22,
  "fields": {
    "action_time": "2025-07-29T10:37:42.941Z",
    "user": 1,
    "content_type": 4,
    "object_id": "5",
    "object_repr": "manager",
    "action_flag": 2,
    "change_message": "[]"
  }
},
{
  "model": "admin.logentry",
  "pk": 23,
  "fields": {
    "action_time": "2025-07-29T10:37:49.616Z",
    "user": 1,
    "content_type": 4,
    "object_id": "6",
    "object_repr": "lead",
    "action_flag": 2,
    "change_message": "[]"
  }
},
{
  "model": "auth.permission",
  "pk": 1,
  "fields": {
    "name": "Can add log entry",
    "content_type": 1,
    "codename": "add_logentry"
  }
},
{
  "model": "auth.permission",
  "pk": 2,
  "fields": {
    "name": "Can change log entry",
    "content_type": 1,
    "codename": "change_logentry"
  }
},
{
  "model": "auth.permission",
  "pk": 3,
  "fields": {
    "name": "Can delete log entry",
    "content_type": 1,
    "codename": "delete_logentry"
  }
},
{
  "model": "auth.permission",
  "pk": 4,
  "fields": {
    "name": "Can view log entry",
    "content_type": 1,
    "codename": "view_logentry"
  }
},
{
  "model": "auth.permission",
  "pk": 5,
  "fields": {
    "name": "Can add permission",
    "content_type": 2,
    "codename": "add_permission"
  }
},
{
  "model": "auth.permission",
  "pk": 6,
  "fields": {
    "name": "Can change permission",
    "content_type": 2,
    "codename": "change_permission"
  }
},
{
  "model": "auth.permission",
  "pk": 7,
  "fields": {
    "name": "Can delete permission",
    "content_type": 2,
    "codename": "delete_permission"
  }
},
{
  "model": "auth.permission",
  "pk": 8,
  "fields": {
    "name": "Can view permission",
    "content_type": 2,
    "codename": "view_permission"
  }
},
{
  "model": "auth.permission",
  "pk": 9,
  "fields": {
    "name": "Can add group",
    "content_type": 3,
    "codename": "add_group"
  }
},
{
  "model": "auth.permission",
  "pk": 10,
  "fields": {
    "name": "Can change group",
    "content_type": 3,
    "codename": "change_group"
  }
},
{
  "model": "auth.permission",
  "pk": 11,
  "fields": {
    "name": "Can delete group",
    "content_type": 3,
    "codename": "delete_group"
  }
},
{
  "model": "auth.permission",
  "pk": 12,
  "fields": {
    "name": "Can view group",
    "content_type": 3,
    "codename": "view_group"
  }
},
{
  "model": "auth.permission",
  "pk": 13,
  "fields": {
    "name": "Can add user",
    "content_type": 4,
    "codename": "add_user"
  }
},
{
  "model": "auth.permission",
  "pk": 14,
  "fields": {
    "name": "Can change user",
    "content_type": 4,
    "codename": "change_user"
  }
},
{
  "model": "auth.permission",
  "pk": 15,
  "fields": {
    "name": "Can delete user",
    "content_type": 4,
    "codename": "delete_user"
  }
},
{
  "model": "auth.permission",
  "pk": 16,
  "fields": {
    "name": "Can view user",
    "content_type": 4,
    "codename": "view_user"
  }
},
{
  "model": "auth.permission",
  "pk": 17,
  "fields": {
    "name": "Can add content type",
    "content_type": 5,
    "codename": "add_contenttype"
  }
},
{
  "model": "auth.permission",
  "pk": 18,
  "fields": {
    "name": "Can change content type",
    "content_type": 5,
    "codename": "change_contenttype"
  }
},
{
  "model": "auth.permission",
  "pk": 19,
  "fields": {
    "name": "Can delete content type",
    "content_type": 5,
    "codename": "delete_contenttype"
  }
},
{
  "model": "auth.permission",
  "pk": 20,
  "fields": {
    "name": "Can view content type",
    "content_type": 5,
    "codename": "view_contenttype"
  }
},
{
  "model": "auth.permission",
  "pk": 21,
  "fields": {
    "name": "Can add session",
    "content_type": 6,
    "codename": "add_session"
  }
},
{
  "model": "auth.permission",
  "pk": 22,
  "fields": {
    "name": "Can change session",
    "content_type": 6,
    "codename": "change_session"
  }
},
{
  "model": "auth.permission",
  "pk": 23,
  "fields": {
    "name": "Can delete session",
    "content_type": 6,
    "codename": "delete_session"
  }
},
{
  "model": "auth.permission",
  "pk": 24,
  "fields": {
    "name": "Can view session",
    "content_type": 6,
    "codename": "view_session"
  }
},
{
  "model": "auth.permission",
  "pk": 25,
  "fields": {
    "name": "Can add Статус",
    "content_type": 7,
    "codename": "add_taskstatus"
  }
},
{
  "model": "auth.permission",
  "pk": 26,
  "fields": {
    "name": "Can change Статус",
    "content_type": 7,
    "codename": "change_taskstatus"
  }
},
{
  "model": "auth.permission",
  "pk": 27,
  "fields": {
    "name": "Can delete Статус",
    "content_type": 7,
    "codename": "delete_taskstatus"
  }
},
{
  "model": "auth.permission",
  "pk": 28,
  "fields": {
    "name": "Can view Статус",
    "content_type": 7,
    "codename": "view_taskstatus"
  }
},
{
  "model": "auth.permission",
  "pk": 29,
  "fields": {
    "name": "Can add Тип",
    "content_type": 8,
    "codename": "add_tasktype"
  }
},
{
  "model": "auth.permission",
  "pk": 30,
  "fields": {
    "name": "Can change Тип",
    "content_type": 8,
    "codename": "change_tasktype"
  }
},
{
  "model": "auth.permission",
  "pk": 31,
  "fields": {
    "name": "Can delete Тип",
    "content_type": 8,
    "codename": "delete_tasktype"
  }
},
{
  "model": "auth.permission",
  "pk": 32,
  "fields": {
    "name": "Can view Тип",
    "content_type": 8,
    "codename": "view_tasktype"
  }
},
{
  "model": "auth.permission",
  "pk": 33,
  "fields": {
    "name": "Can add Задача",
    "content_type": 9,
    "codename": "add_task"
  }
},
{
  "model": "auth.permission",
  "pk": 34,
  "fields": {
    "name": "Can change Задача",
    "content_type": 9,
    "codename": "change_task"
  }
},
{
  "model": "auth.permission",
  "pk": 35,
  "fields": {
    "name": "Can delete Задача",
    "content_type": 9,
    "codename": "delete_task"
  }
},
{
  "model": "auth.permission",
  "pk": 36,
  "fields": {
    "name": "Can view Задача",
    "content_type": 9,
    "codename": "view_task"
  }
},
{
  "model": "auth.permission",
  "pk": 37,
  "fields": {
    "name": "Can add task type relation",
    "content_type": 10,
    "codename": "add_tasktyperelation"
  }
},
{
  "model": "auth.permission",
  "pk": 38,
  "fields": {
    "name": "Can change task type relation",
    "content_type": 10,
    "codename": "change_tasktyperelation"
  }
},
{
  "model": "auth.permission",
  "pk": 39,
  "fields": {
    "name": "Can delete task type relation",
    "content_type": 10,
    "codename": "delete_tasktyperelation"
  }
},
{
  "model": "auth.permission",
  "pk": 40,
  "fields": {
    "name": "Can view task type relation",
    "content_type": 10,
    "codename": "view_tasktyperelation"
  }
},
{
  "model": "auth.group",
  "pk": 1,
  "fields": {
    "name": "Модераторы",
    "permissions": []
  }
},
{
  "model": "auth.group",
  "pk": 2,
  "fields": {
    "name": "Менеджер проекта",
    "permissions": [
      13,
      14,
      15,
      34,
      35,
      25
    ]
  }
},
{
  "model": "auth.group",
  "pk": 3,
  "fields": {
    "name": "Капитан",
    "permissions": [
      13,
      14,
      15,
      33,
      34,
      35
    ]
  }
},
{
  "model": "auth.group",
  "pk": 4,
  "fields": {
    "name": "Разработчик",
    "permissions": [
      33,
      34
    ]
  }
},
{
  "model": "auth.group",
  "pk": 5,
  "fields": {
    "name": "admins",
    "permissions": []
  }
},
{
  "model": "auth.user",
  "pk": 1,
  "fields": {
    "password": "pbkdf2_sha256$1000000$QkyrfBdzGE6K8dXLFWpUar$f/k7pIrgaWvXNodNpPEfKtvn+CmPE/xNtZCrRkCCexg=",
    "last_login": "2025-07-29T10:28:27.567Z",
    "is_superuser": true,
    "username": "aigerim",
    "first_name": "",
    "last_name": "",
    "email": "",
    "is_staff": true,
    "is_active": true,
    "date_joined": "2025-07-24T20:51:06Z",
    "groups": [],
    "user_permissions": []
  }
},
{
  "model": "auth.user",
  "pk": 5,
  "fields": {
    "password": "pbkdf2_sha256$1000000$zodMzDBzuJAbFdjVhD9YeY$qZ8ZjFEIqDRdCpUWbNlozBbN6yQ/2Sf9QQn5mrlpyvg=",
    "last_login": "2025-07-29T10:57:46.921Z",
    "is_superuser": true,
    "username": "manager",
    "first_name": "",
    "last_name": "",
    "email": "",
    "is_staff": true,
    "is_active": true,
    "date_joined": "2025-07-29T08:43:43Z",
    "groups": [
      2
    ],
    "user_permissions": []
  }
},
{
  "model": "auth.user",
  "pk": 6,
  "fields": {
    "password": "pbkdf2_sha256$1000000$TPYqNVMcpjveeLm7StCu6m$l5Zogw0d0hnST9krM5znNcjdDTwwT8QEQC5hfRKqhDM=",
    "last_login": "2025-07-29T10:59:09.492Z",
    "is_superuser": true,
    "username": "lead",
    "first_name": "",
    "last_name": "",
    "email": "",
    "is_staff": true,
    "is_active": true,
    "date_joined": "2025-07-29T08:44:03Z",
    "groups": [
      3
    ],
    "user_permissions": []
  }
},
{
  "model": "auth.user",
  "pk": 7,
  "fields": {
    "password": "pbkdf2_sha256$1000000$wyxZpG4SqQEMnd7qGPxDVp$B1BFAf8GgvCiqmOy7U4I7wZCPfX57ieRrVPegcDZKbE=",
    "last_login": "2025-07-29T10:58:26.681Z",
    "is_superuser": true,
    "username": "dev",
    "first_name": "",
    "last_name": "",
    "email": "",
    "is_staff": true,
    "is_active": true,
    "date_joined": "2025-07-29T08:44:21Z",
    "groups": [
      4
    ],
    "user_permissions": []
  }
},
{
  "model": "auth.user",
  "pk": 8,
  "fields": {
    "password": "pbkdf2_sha256$1000000$FKSIZ0zRdvy9S5cRlnGw4X$UB9+jWwaXyrR6nRYCzHhJDD7R1/9l2B5STGwMURblNQ=",
    "last_login": "2025-07-29T10:49:36.750Z",
    "is_superuser": false,
    "username": "bob",
    "first_name": "",
    "last_name": "",
    "email": "",
    "is_staff": false,
    "is_active": true,
    "date_joined": "2025-07-29T09:32:51.497Z",
    "groups": [],
    "user_permissions": []
  }
},
{
  "model": "auth.user",
  "pk": 9,
  "fields": {
    "password": "pbkdf2_sha256$1000000$4mnCGMynjSdvClshiU2d84$62TenjldmG5eFwRbjciDycPSxc9+yRSAmFaN3z0XjYM=",
    "last_login": "2025-07-29T09:52:40.421Z",
    "is_superuser": false,
    "username": "asus",
    "first_name": "",
    "last_name": "",
    "email": "",
    "is_staff": false,
    "is_active": true,
    "date_joined": "2025-07-29T09:52:39.785Z",
    "groups": [],
    "user_permissions": []
  }
},
{
  "model": "auth.user",
  "pk": 10,
  "fields": {
    "password": "pbkdf2_sha256$1000000$MJLVmQvy4o5zJbFnp9kv4E$+Iq3GHDcl6I3fIuygjGW4bILDU4p9+jVuSnYK9TcJzU=",
    "last_login": "2025-07-29T10:14:47.501Z",
    "is_superuser": false,
    "username": "aika",
    "first_name": "",
    "last_name": "",
    "email": "",
    "is_staff": false,
    "is_active": true,
    "date_joined": "2025-07-29T10:14:46.879Z",
    "groups": [],
    "user_permissions": []
  }
},
{
  "model": "contenttypes.contenttype",
  "pk": 1,
  "fields": {
    "app_label": "admin",
    "model": "logentry"
  }
},
{
  "model": "contenttypes.contenttype",
  "pk": 2,
  "fields": {
    "app_label": "auth",
    "model": "permission"
  }
},
{
  "model": "contenttypes.contenttype",
  "pk": 3,
  "fields": {
    "app_label": "auth",
    "model": "group"
  }
},
{
  "model": "contenttypes.contenttype",
  "pk": 4,
  "fields": {
    "app_label": "auth",
    "model": "user"
  }
},
{
  "model": "contenttypes.contenttype",
  "pk": 5,
  "fields": {
    "app_label": "contenttypes",
    "model": "contenttype"
  }
},
{
  "model": "contenttypes.contenttype",
  "pk": 6,
  "fields": {
    "app_label": "sessions",
    "model": "session"
  }
},
{
  "model": "contenttypes.contenttype",
  "pk": 7,
  "fields": {
    "app_label": "webapp",
    "model": "taskstatus"
  }
},
{
  "model": "contenttypes.contenttype",
  "pk": 8,
  "fields": {
    "app_label": "webapp",
    "model": "tasktype"
  }
},
{
  "model": "contenttypes.contenttype",
  "pk": 9,
  "fields": {
    "app_label": "webapp",
    "model": "task"
  }
},
{
  "model": "contenttypes.contenttype",
  "pk": 10,
  "fields": {
    "app_label": "webapp",
    "model": "tasktyperelation"
  }
},
{
  "model": "sessions.session",
  "pk": "g5s8oj5ylat4e0yij7fk84t4a6l5zyq8",
  "fields": {
    "session_data": ".eJxVjDsOwjAQBe_iGlnx2hsnlPQ5Q-T1rnEA2VI-FeLuJFIKaN_MvLcaw7bmcVtkHidWV9Wqy-9GIT6lHIAfodyrjrWs80T6UPRJFz1UltftdP8OcljyXsfUGhAP2CRhNAIA1HAPJJiMNUzBQifOswMCtORsj3GXMXnsrDPq8wXlyjdl:1ugi33:6kozAR__rASeL9YeaEtR5FRoDqAA3xAuiyHcaqsvIcA",
    "expire_date": "2025-08-12T10:59:09.494Z"
  }
},
{
  "model": "sessions.session",
  "pk": "xkepgeey419lah0zgoki1ud17rqpsf9j",
  "fields": {
    "session_data": "e30:1ugOgg:B96gwY7EPxa93LdkeXbhpgvQ9zOTvwwmiBN0RA8X6eI",
    "expire_date": "2025-08-11T14:18:46.042Z"
  }
},
{
  "model": "webapp.task",
  "pk": 1,
  "fields": {
    "created_at": "2025-07-11T00:52:29.058Z",
    "updated_at": "2025-07-13T21:43:10.378Z",
    "summary": "Черногория",
    "description": "Построить маршрут",
    "author": 1,
    "status": 2
  }
},
{
  "model": "webapp.task",
  "pk": 2,
  "fields": {
    "created_at": "2025-07-11T00:53:20.136Z",
    "updated_at": "2025-07-13T21:45:51.942Z",
    "summary": "Продумать график на след месяц",
    "description": "уменьшить смены",
    "author": 1,
    "status": 3
  }
},
{
  "model": "webapp.task",
  "pk": 4,
  "fields": {
    "created_at": "2025-07-11T00:54:58.713Z",
    "updated_at": "2025-07-13T14:52:16.159Z",
    "summary": "Обследование",
    "description": "",
    "author": 1,
    "status": 1
  }
},
{
  "model": "webapp.task",
  "pk": 5,
  "fields": {
    "created_at": "2025-07-11T00:58:19.942Z",
    "updated_at": "2025-07-14T18:33:25.567Z",
    "summary": "Отдохнуть!!!",
    "description": "Отдохнуть!!!",
    "author": 1,
    "status": 2
  }
},
{
  "model": "webapp.task",
  "pk": 6,
  "fields": {
    "created_at": "2025-07-11T00:59:14.787Z",
    "updated_at": "2025-07-13T15:02:33.328Z",
    "summary": "Питер",
    "description": "сходить туда, куда не успела в предыдущий раз",
    "author": 1,
    "status": 1
  }
},
{
  "model": "webapp.task",
  "pk": 33,
  "fields": {
    "created_at": "2025-07-13T21:16:44.152Z",
    "updated_at": "2025-07-14T19:56:21.226Z",
    "summary": "Летим на Бали",
    "description": "Серфинг!!!!",
    "author": 1,
    "status": 2
  }
},
{
  "model": "webapp.task",
  "pk": 34,
  "fields": {
    "created_at": "2025-07-13T21:19:05.079Z",
    "updated_at": "2025-07-13T21:19:05.079Z",
    "summary": "Подготовка к контрольной",
    "description": "пересмотреть урок",
    "author": 1,
    "status": 3
  }
},
{
  "model": "webapp.task",
  "pk": 41,
  "fields": {
    "created_at": "2025-07-14T19:55:33.490Z",
    "updated_at": "2025-07-14T19:55:33.490Z",
    "summary": "Мурманск",
    "description": "Северное сияние, киты",
    "author": 1,
    "status": 1
  }
},
{
  "model": "webapp.task",
  "pk": 42,
  "fields": {
    "created_at": "2025-07-14T20:02:02.308Z",
    "updated_at": "2025-07-14T20:02:02.308Z",
    "summary": "Разобрать тему ORM в Django",
    "description": "Подружиться с shell",
    "author": 1,
    "status": 2
  }
},
{
  "model": "webapp.task",
  "pk": 43,
  "fields": {
    "created_at": "2025-07-14T20:04:24.548Z",
    "updated_at": "2025-07-14T20:04:24.548Z",
    "summary": "Сходить в спа",
    "description": "Полежать в бочке\r\nЗабыть телефон дома",
    "author": 1,
    "status": 2
  }
},
{
  "model": "webapp.task",
  "pk": 44,
  "fields": {
    "created_at": "2025-07-14T20:19:06.993Z",
    "updated_at": "2025-07-14T20:19:47.671Z",
    "summary": "Организовать семейный ужин",
    "description": "Семейный ужин = пройтись по минному полю. Спешное мероприятие с высоким риском: не язвить, не сарказничать — просто поесть. Желательно в тишине и без допросов.\r\nСемейный вечер, где цель не просто поесть, а выжить. Просто еда. Просто семья. Просто ад на два часа. В бой идут не только старые обиды, но и селёдка под шубой. Битва взглядов, вздохов, упрёков и философских тостов. Спастись можно только через кухню и окно.",
    "author": 1,
    "status": 3
  }
},
{
  "model": "webapp.task",
  "pk": 53,
  "fields": {
    "created_at": "2025-07-29T09:22:39.727Z",
    "updated_at": "2025-07-29T09:27:14.487Z",
    "summary": "khnolihjoihjo",
    "description": "uhnoujhoihjouh",
    "author": 1,
    "status": 1
  }
},
{
  "model": "webapp.task",
  "pk": 54,
  "fields": {
    "created_at": "2025-07-29T09:33:09.044Z",
    "updated_at": "2025-07-29T09:33:09.044Z",
    "summary": "kuhjikghiuh",
    "description": "yhgbjhbkjnkjn",
    "author": 8,
    "status": 1
  }
},
{
  "model": "webapp.task",
  "pk": 55,
  "fields": {
    "created_at": "2025-07-29T10:58:11.978Z",
    "updated_at": "2025-07-29T10:58:11.978Z",
    "summary": "manager",
    "description": "11111111111111111",
    "author": 5,
    "status": 2
  }
},
{
  "model": "webapp.task",
  "pk": 56,
  "fields": {
    "created_at": "2025-07-29T10:58:51.447Z",
    "updated_at": "2025-07-29T10:58:51.447Z",
    "summary": "dev dev dev",
    "description": "222222222222222",
    "author": 7,
    "status": 3
  }
},
{
  "model": "webapp.task",
  "pk": 57,
  "fields": {
    "created_at": "2025-07-29T10:59:36.188Z",
    "updated_at": "2025-07-29T10:59:36.188Z",
    "summary": "lead lead lead",
    "description": "333333333333333333",
    "author": 6,
    "status": 1
  }
},
{
  "model": "webapp.taskstatus",
  "pk": 1,
  "fields": {
    "created_at": "2025-07-11T00:45:37.211Z",
    "updated_at": "2025-07-11T00:45:37.211Z",
    "name": "новый"
  }
},
{
  "model": "webapp.taskstatus",
  "pk": 2,
  "fields": {
    "created_at": "2025-07-11T00:45:44.515Z",
    "updated_at": "2025-07-11T00:45:44.515Z",
    "name": "в процессе"
  }
},
{
  "model": "webapp.taskstatus",
  "pk": 3,
  "fields": {
    "created_at": "2025-07-11T00:45:52.225Z",
    "updated_at": "2025-07-11T00:45:52.225Z",
    "name": "выполнено"
  }
},
{
  "model": "webapp.tasktyperelation",
  "pk": 10,
  "fields": {
    "created_at": "2025-07-13T14:43:55.622Z",
    "updated_at": "2025-07-13T14:43:55.622Z",
    "task": 6,
    "type": 4
  }
},
{
  "model": "webapp.tasktyperelation",
  "pk": 14,
  "fields": {
    "created_at": "2025-07-13T14:51:49.713Z",
    "updated_at": "2025-07-13T14:51:49.713Z",
    "task": 2,
    "type": 1
  }
},
{
  "model": "webapp.tasktyperelation",
  "pk": 15,
  "fields": {
    "created_at": "2025-07-13T14:52:02.152Z",
    "updated_at": "2025-07-13T14:52:02.152Z",
    "task": 5,
    "type": 4
  }
},
{
  "model": "webapp.tasktyperelation",
  "pk": 16,
  "fields": {
    "created_at": "2025-07-13T14:52:02.152Z",
    "updated_at": "2025-07-13T14:52:02.152Z",
    "task": 5,
    "type": 5
  }
},
{
  "model": "webapp.tasktyperelation",
  "pk": 17,
  "fields": {
    "created_at": "2025-07-13T14:52:16.164Z",
    "updated_at": "2025-07-13T14:52:16.164Z",
    "task": 4,
    "type": 3
  }
},
{
  "model": "webapp.tasktyperelation",
  "pk": 18,
  "fields": {
    "created_at": "2025-07-13T14:52:16.164Z",
    "updated_at": "2025-07-13T14:52:16.164Z",
    "task": 4,
    "type": 5
  }
},
{
  "model": "webapp.tasktyperelation",
  "pk": 19,
  "fields": {
    "created_at": "2025-07-13T14:52:28.822Z",
    "updated_at": "2025-07-13T14:52:28.822Z",
    "task": 1,
    "type": 4
  }
},
{
  "model": "webapp.tasktyperelation",
  "pk": 20,
  "fields": {
    "created_at": "2025-07-13T14:52:28.822Z",
    "updated_at": "2025-07-13T14:52:28.822Z",
    "task": 1,
    "type": 5
  }
},
{
  "model": "webapp.tasktyperelation",
  "pk": 57,
  "fields": {
    "created_at": "2025-07-13T21:16:44.165Z",
    "updated_at": "2025-07-13T21:16:44.165Z",
    "task": 33,
    "type": 3
  }
},
{
  "model": "webapp.tasktyperelation",
  "pk": 58,
  "fields": {
    "created_at": "2025-07-13T21:16:44.165Z",
    "updated_at": "2025-07-13T21:16:44.165Z",
    "task": 33,
    "type": 4
  }
},
{
  "model": "webapp.tasktyperelation",
  "pk": 59,
  "fields": {
    "created_at": "2025-07-13T21:16:44.165Z",
    "updated_at": "2025-07-13T21:16:44.165Z",
    "task": 33,
    "type": 5
  }
},
{
  "model": "webapp.tasktyperelation",
  "pk": 60,
  "fields": {
    "created_at": "2025-07-13T21:19:05.086Z",
    "updated_at": "2025-07-13T21:19:05.086Z",
    "task": 34,
    "type": 2
  }
},
{
  "model": "webapp.tasktyperelation",
  "pk": 61,
  "fields": {
    "created_at": "2025-07-13T21:43:10.384Z",
    "updated_at": "2025-07-13T21:43:10.384Z",
    "task": 1,
    "type": 6
  }
},
{
  "model": "webapp.tasktyperelation",
  "pk": 67,
  "fields": {
    "created_at": "2025-07-14T18:33:25.573Z",
    "updated_at": "2025-07-14T18:33:25.573Z",
    "task": 5,
    "type": 3
  }
},
{
  "model": "webapp.tasktyperelation",
  "pk": 68,
  "fields": {
    "created_at": "2025-07-14T19:55:33.500Z",
    "updated_at": "2025-07-14T19:55:33.500Z",
    "task": 41,
    "type": 4
  }
},
{
  "model": "webapp.tasktyperelation",
  "pk": 69,
  "fields": {
    "created_at": "2025-07-14T19:55:33.500Z",
    "updated_at": "2025-07-14T19:55:33.500Z",
    "task": 41,
    "type": 5
  }
},
{
  "model": "webapp.tasktyperelation",
  "pk": 70,
  "fields": {
    "created_at": "2025-07-14T20:02:02.314Z",
    "updated_at": "2025-07-14T20:02:02.314Z",
    "task": 42,
    "type": 2
  }
},
{
  "model": "webapp.tasktyperelation",
  "pk": 71,
  "fields": {
    "created_at": "2025-07-14T20:04:24.555Z",
    "updated_at": "2025-07-14T20:04:24.555Z",
    "task": 43,
    "type": 3
  }
},
{
  "model": "webapp.tasktyperelation",
  "pk": 72,
  "fields": {
    "created_at": "2025-07-14T20:04:24.555Z",
    "updated_at": "2025-07-14T20:04:24.555Z",
    "task": 43,
    "type": 5
  }
},
{
  "model": "webapp.tasktyperelation",
  "pk": 73,
  "fields": {
    "created_at": "2025-07-14T20:19:06.999Z",
    "updated_at": "2025-07-14T20:19:06.999Z",
    "task": 44,
    "type": 5
  }
},
{
  "model": "webapp.tasktyperelation",
  "pk": 74,
  "fields": {
    "created_at": "2025-07-14T20:19:06.999Z",
    "updated_at": "2025-07-14T20:19:06.999Z",
    "task": 44,
    "type": 6
  }
},
{
  "model": "webapp.tasktyperelation",
  "pk": 83,
  "fields": {
    "created_at": "2025-07-29T09:22:39.734Z",
    "updated_at": "2025-07-29T09:22:39.734Z",
    "task": 53,
    "type": 4
  }
},
{
  "model": "webapp.tasktyperelation",
  "pk": 84,
  "fields": {
    "created_at": "2025-07-29T09:27:14.493Z",
    "updated_at": "2025-07-29T09:27:14.493Z",
    "task": 53,
    "type": 2
  }
},
{
  "model": "webapp.tasktyperelation",
  "pk": 85,
  "fields": {
    "created_at": "2025-07-29T09:33:09.051Z",
    "updated_at": "2025-07-29T09:33:09.051Z",
    "task": 54,
    "type": 3
  }
},
{
  "model": "webapp.tasktyperelation",
  "pk": 86,
  "fields": {
    "created_at": "2025-07-29T09:33:09.052Z",
    "updated_at": "2025-07-29T09:33:09.052Z",
    "task": 54,
    "type": 4
  }
},
{
  "model": "webapp.tasktyperelation",
  "pk": 87,
  "fields": {
    "created_at": "2025-07-29T09:33:09.052Z",
    "updated_at": "2025-07-29T09:33:09.052Z",
    "task": 54,
    "type": 5
  }
},
{
  "model": "webapp.tasktyperelation",
  "pk": 88,
  "fields": {
    "created_at": "2025-07-29T09:33:09.052Z",
    "updated_at": "2025-07-29T09:33:09.052Z",
    "task": 54,
    "type": 6
  }
},
{
  "model": "webapp.tasktyperelation",
  "pk": 89,
  "fields": {
    "created_at": "2025-07-29T10:58:11.985Z",
    "updated_at": "2025-07-29T10:58:11.985Z",
    "task": 55,
    "type": 1
  }
},
{
  "model": "webapp.tasktyperelation",
  "pk": 90,
  "fields": {
    "created_at": "2025-07-29T10:58:11.985Z",
    "updated_at": "2025-07-29T10:58:11.985Z",
    "task": 55,
    "type": 2
  }
},
{
  "model": "webapp.tasktyperelation",
  "pk": 91,
  "fields": {
    "created_at": "2025-07-29T10:58:51.453Z",
    "updated_at": "2025-07-29T10:58:51.453Z",
    "task": 56,
    "type": 4
  }
},
{
  "model": "webapp.tasktyperelation",
  "pk": 92,
  "fields": {
    "created_at": "2025-07-29T10:58:51.453Z",
    "updated_at": "2025-07-29T10:58:51.453Z",
    "task": 56,
    "type": 5
  }
},
{
  "model": "webapp.tasktyperelation",
  "pk": 93,
  "fields": {
    "created_at": "2025-07-29T10:59:36.194Z",
    "updated_at": "2025-07-29T10:59:36.194Z",
    "task": 57,
    "type": 3
  }
},
{
  "model": "webapp.tasktype",
  "pk": 1,
  "fields": {
    "created_at": "2025-07-11T00:48:19.386Z",
    "updated_at": "2025-07-11T00:48:19.386Z",
    "name": "Работа"
  }
},
{
  "model": "webapp.tasktype",
  "pk": 2,
  "fields": {
    "created_at": "2025-07-11T00:48:27.839Z",
    "updated_at": "2025-07-11T00:48:27.839Z",
    "name": "Учеба"
  }
},
{
  "model": "webapp.tasktype",
  "pk": 3,
  "fields": {
    "created_at": "2025-07-11T00:48:36.286Z",
    "updated_at": "2025-07-11T00:48:36.286Z",
    "name": "Здоровье"
  }
},
{
  "model": "webapp.tasktype",
  "pk": 4,
  "fields": {
    "created_at": "2025-07-11T00:48:48.438Z",
    "updated_at": "2025-07-11T00:48:48.438Z",
    "name": "Путешествия"
  }
},
{
  "model": "webapp.tasktype",
  "pk": 5,
  "fields": {
    "created_at": "2025-07-13T14:44:40.165Z",
    "updated_at": "2025-07-13T14:44:40.165Z",
    "name": "Отдых"
  }
},
{
  "model": "webapp.tasktype",
  "pk": 6,
  "fields": {
    "created_at": "2025-07-13T14:45:09.514Z",
    "updated_at": "2025-07-13T14:45:09.514Z",
    "name": "Семья"
  }
}
]
